title,price,rating,reviews,availability
Sony PS5 PlayStation Console,,4.3 out of 5 stars,555 ratings,In stock
Sony PS5 PlayStation Console+God Of War Ragnarok | Standard Edition | PS5 Game (PlayStation 5),,4.0 out of 5 stars,13 ratings,In stock.
Sony God Of War Ragnarok | Standard Edition | PS5 Game (PlayStation 5),,4.7 out of 5 stars,"2,823 ratings",In stock
Hogwarts Legacy | Standard Edition| PlayStation 5 (PS5),,4.7 out of 5 stars,93 ratings,In stock
"Square Enix Final Fantasy Xvi, Standard Edition, Playstation 5 (Ps5)",,Previous page,,"This item will be released on June 22, 2023."
PlayStation 5 DualSense Wireless Controller,,4.7 out of 5 stars,"38,702 ratings",Only 1 left in stock
Far Cry 6 - PlayStation 5 Standard Edition,,4.3 out of 5 stars,19 ratings,In stock
Cult of the lamb | Standard Edition | PlayStation 5,,Previous page,,In stock
Call of Duty: Vanguard (PS5) - PlayStation 5,,4.3 out of 5 stars,25 ratings,Only 2 left in stock
Sony Horizon Forbidden West | Standard Edition | PS5 Game (PlayStation 5),,4.6 out of 5 stars,303 ratings,In stock
DorcaÂ® Dust Cover for Sony Playstation 5 Cover Disc & Digital Edition,,4.5 out of 5 stars,417 ratings,In stock
WALLTON - PS5 Skin Protective Wrap Cover Vinyl Sticker Decals for PlayStation 5 Disk Version Console and Two Dual Sense 5 Sticker Batman - (Black),,2.9 out of 5 stars,5 ratings,In stock
PS5 Grand Theft Auto V,,4.4 out of 5 stars,238 ratings,In stock
2K GAMES Ps5 Wwe 2K22,,4.3 out of 5 stars,98 ratings,In stock
Electronic Arts Dead Space | Standard Edition | PlayStation 5,,4.8 out of 5 stars,7 ratings,In stock
GLITCH | ps5 console carry bag | bags for travel playstation 5 carrying case cover travelling handbag protective play station 5 storage protection | disc and digital edition accessories (Black),,Previous page,,In stock
"Benazcap for PS5 Faceplate, Hard Shockproof Playstation 5 Plates PS5 Face Plate Cover Shell Skin Case, ABS PS5 Console Plate Replacement PS5 Side Plate, Accessories for PS5 Plates Black (Disc Version)",,4.7 out of 5 stars,"3,309 ratings",
"Capcom Street Fighter 6, Standard Edition, Playstation 5",,1.0 out of 5 stars,1 rating,Only 1 left in stock
